AnonID,AcademicYear,ProgramOfStudy,Age
BJU54S1EL,2024,REL,18
X1D5MLKAE,2023,ITD,19
RD9D3W0ZU,2022,ENV,21
NOO3A2D3N,2025,SPM,21
MZ5GS9G7P,2025,BSA,18
BRTWTWGC8,2021,MLT,19
CCB7G7IHP,2022,JRN,19
DV66LHRX1,2024,ARC,20
S691NBLS5,2024,CSC,19
N51MSJ2GU,2025,BPH,21
G1T8NGSRQ,2025,AET,17
XFC2RPGJZ,2022,GDS,20
CX7ZL3TTN,2022,ARC,21
QF4GS6XW9,2022,CEM,19
E2UTWXNC9,2024,PRL,20
IB3WM68EJ,2023,PSC,21
KYMYWE7CN,2021,MOT,20
HPE22FQFS,2024,ETP,21
EIV28L2QC,2024,SWK,18
WW83W3UTU,2024,EXS,19
V07IDBKSS,2021,NTR,24
AZSR1650T,2023,EXS,18
XWKRPG7LS,2024,CSC,18
YYQZHRG57,2022,SNG,19
BP42ESPTW,2024,ARC,24
FFGUP7LLH,2025,ETM,18
E964H6MRJ,2021,CEM,18
P8T0BOT29,2022,REL,19
EGMWD7R2O,2025,ENG,20
XFOKE9IW4,2022,LNG,21
FJ9HRA6WI,2021,LAT,18
IPKBEWO8C,2024,MOT,21
L3HILR4V8,2023,DAN,19
FOM5SC9HH,2025,MTH,19
HTZCH9UP5,2022,ART,19
B24RBOBBL,2024,LNG,22
ILJ3JK3KD,2021,INB,19
X6UC4KO53,2025,MKT,22
M7MCUJT1L,2021,ARC,19
F67FP2HNN,2025,MOT,18
S724649LU,2025,SPM,18
VPRBP7NW0,2021,BMB,21
UJ7ALB73I,2025,LGS,18
BTEDFG8DM,2022,SAM,20
GDLRIJM0C,2024,SET,18
MZ0QG6EZG,2024,BSA,19
XV6NXN873,2021,JPN,20
C72B36NA9,2021,ARC,18
WC3PUUZFQ,2021,SAM,24
VJJ74F69Y,2023,AET,20
HTNYHARD1,2021,SNG,21
F21VBGWAQ,2023,ETP,20
HV2SQK0WQ,2022,BMB,19
VTEOQBV65,2022,ETP,20
B98AHFMEQ,2022,REL,18
OGWUR9JRJ,2025,BMB,20
R2MRUDCU4,2023,PSY,19
AHAUOG2IE,2024,MLT,20
FJI125IZB,2024,COM,21
U1434Q0GW,2024,NTR,19
F8L3ODA47,2022,LNG,18
J7G1KNBKU,2023,BSA,21
H5M5SIR6Z,2025,SOC,21
VZK9P093W,2024,PRL,21
S295CTA95,2021,AET,20
NWRQU805Y,2024,TDR,19
ZE56356DC,2022,LGS,18
GGOSE2CJ1,2025,CLA,24
DMYJOCNYS,2021,AET,22
D0SL5PDBW,2022,SNG,20
WWQL7UV1R,2021,HIS,19
SP9LC9V0N,2021,HUM,20
OBLDFALFL,2024,ETP,19
QQG4ZVM4K,2022,PSC,20
M3Z073FVG,2023,ITL,22
NWY3PXWQ0,2025,DSC,19
IUTEWU6CY,2022,MTH,20
LGD3WOK0P,2021,NTR,20
OF3HFBBBU,2024,ASN,21
DT15MAEHN,2021,MDS,20
T30X5AXHD,2023,FSM,19
X0CPYPGT3,2022,BIO,21
TSM7NVU4P,2023,MBU,20
CAW7VS33P,2024,SCM,20
V24ZAI9JR,2023,PRL,20
NLP2OWX7V,2021,LGS,19
C12FHBGWA,2021,ETP,18
WP35ZVYNB,2022,DAN,21
I32734Z9N,2023,ECO,17
JJJZ446SU,2024,SET,23
T7R4N9GGU,2021,FIN,20
M09GHW65M,2022,PBL,21
TGTM46IVP,2023,EDU,21
BAT0GBIQE,2022,PHY,22
PEPGQ9WEP,2023,JPN,21
Y3N9JSEDY,2021,SWK,21
V4X05EA87,2022,HUM,21
V0PTTTM1I,2022,INB,20
V6OBOXZ95,2021,SET,23
OI1ESZDH3,2022,ETM,18
FU7APDO7T,2021,NUR,19
BRV5BENSL,2021,ETP,18
L96BOSP1H,2021,MLT,20
YZMUZBM8X,2025,MLT,21
Z5FJK3HLW,2022,PHI,20
KPKGAMHQQ,2025,REL,19
BO03I1NBY,2024,CEM,20
X8HXKUYSW,2021,TDR,20
K0N9S64ST,2024,CEM,18
R3XPSZIDU,2023,ECO,20
F7DT7HCAP,2023,GDS,23
M37P2RB6G,2023,SCM,21
YPNCR1BL9,2023,FRE,18
HGY5K43MJ,2022,HUM,19
WT975LBR7,2023,HUM,20
OPLHCW82Z,2021,CHN,24
RLUVP927N,2021,PHI,21
WCII8V3QX,2024,COM,20
TMB14JS1Y,2022,NUR,18
BSOZFT2L3,2022,MDS,23
MJ9JVOHZ7,2023,FIN,18
X1OHBID01,2024,PSY,24
KOEUZVE1J,2023,ARC,22
VER3ORZMQ,2023,MKT,18
ZWO8B5MEM,2022,CEM,20
R0AERMG0Y,2025,CLA,19
PYXONAJTS,2022,BIO,19
EGVGYXFFX,2021,SWK,18
JBQNJ7IOT,2025,BSA,21
EXXF97VTQ,2025,ITL,21
LS96VCSXA,2023,PRL,20
UB9ECML1I,2021,LAT,63
MSGW8YSU0,2024,GER,22
Z0IHIBBY3,2023,EDU,21
BIR5CUL7R,2022,SWK,20
Y0OAWFEN9,2025,CEM,20
U2IEARV2M,2021,SCM,20
PLDEEQQ6G,2024,SAM,19
G1NFO2POI,2023,SPA,20
D9P2Q6LPY,2021,BPH,19
CH2TNCVKQ,2022,HIS,19
AL4PVJ3O5,2022,ECO,22
VN3WNW4SK,2023,MBU,21
BYW2V5DX3,2021,MKT,18
JYNS583CI,2024,MKT,20
HSFEZQWLT,2025,BIO,24
AHHGL26TA,2023,GER,20
W4CJ23S03,2021,BPH,19
DB5O7FDDE,2021,BSA,18
EW9TJYLNF,2025,ETM,19
Y4IS3XSVY,2022,FSD,20
R7TN669K3,2025,SNG,21
B47TYMU0N,2021,ENV,21
APF1CCMWH,2024,SPM,18
PNFWMRRXD,2023,EDU,21
OI7JKD4AW,2024,PRL,19
T3OONRUL9,2024,BPH,19
CJPTLWWJS,2021,ECO,22
LRJ5T4568,2023,ITD,20
IKV2KFO69,2025,ECO,20
GNXY49V3P,2024,SWK,18
GRD6QKGI2,2021,PBL,23
WLFBG6DS8,2022,AET,19
X3B927O1C,2023,FIN,19
X27LNMQEI,2025,BPH,21
M4VSZ8EG3,2024,PSC,21
CTDMPIM54,2022,LGS,21
FISNKNI54,2021,ASN,21
QDK8NDLCD,2025,MKT,21
RQVMQJ7GW,2023,HUM,24
IKMS16IH9,2022,GER,23
K0FKIXMSX,2022,MLT,56
F3W3PDV4P,2023,BSA,20
L8Z68ZNOR,2025,LGS,20
XWK4SI2BD,2023,ASN,20
SQO01PPFN,2025,SOC,19
OWYG5IFO2,2025,MKT,19
AX5JCQCAI,2021,DSC,24
FOBCNKLG4,2024,CSC,19
O016FB74Z,2025,LGS,21
FAVBUI82V,2023,BIO,21
U3F84QY8B,2023,TDR,20
GW0Z8QU4I,2025,JPN,21
FOZUEGEYF,2023,ENV,48
SIW1VVH21,2025,AET,21
GXB8A82FA,2024,MUS,47
BXVGMHCDY,2024,ECO,21
R2QOXNS9J,2022,CLA,21
V3QS6T6MF,2024,NEU,25
PGXAO2KH0,2022,HTM,18
HH379PP93,2021,SAM,19
HZD0WP2PW,2022,DSC,24
YPE6ZZXUO,2025,HIS,18
XHL28VT7K,2024,NTR,21
QEYMWDBO4,2021,COM,20
QSX5YKRFJ,2023,ACC,18
V3D4ZB6JE,2021,INB,19
P5JQRZUUJ,2025,SWK,19
KHCTYRA6A,2023,FIN,19
U664UEQ4G,2022,MBU,20
P2JOIOAOB,2022,PHY,18
SUGBD96ZE,2022,PRL,20
GV91LGM3U,2022,BMB,18
J1SNW1GYC,2023,SAM,19
IFUFPHX26,2025,EDU,19
TX26X73E4,2021,DAN,21
AG9GHRP8W,2024,LNG,20
SRI7HXNQY,2022,JPN,19
DGFN0QET6,2023,DSC,21
NYKD2YA1J,2024,PRL,21
PJVW1P5ZO,2025,MOT,19
YYR3YI0PB,2023,MUS,20
QRJWVR30S,2024,LNG,22
HETWR9GM7,2021,COM,18
JWY6JLSY8,2025,BPH,18
O4IZ3K9UP,2025,REL,24
JEPOPEVK1,2022,MUS,18
YLYAP55KI,2025,TDR,21
DAL6HNK0W,2022,SET,21
CVRSDX9EH,2021,MOT,18
CMUMYZDR2,2023,FSD,19
WQFUDEKQT,2025,FSD,23
PS35S8R9T,2023,BPH,20
UMAIHMUT7,2025,SET,21
NQQ1EODVS,2023,SPA,20
AZ096NOVL,2024,SCM,18
D8AV58811,2021,CEM,19
UZLIVZBNX,2022,SET,21
PYNYYPEM9,2024,AET,20
LXQOXGFQO,2025,ITD,19
PZUBOOFIH,2025,LAT,19
MF7FZYJCV,2024,ITL,19
MIGO0GRKY,2021,SET,23
XBGM4E80H,2022,CLA,19
NDPJG2YIC,2025,NTR,18
OWJLZPJD2,2023,SOC,21
AFNDQ7RRD,2021,HTM,19
IUZCQT2GP,2025,HUM,21
GA3AWWDTL,2022,LGS,21
FHEHDKHI3,2022,ETM,20
US8HT35N4,2022,AET,19
JUCW8DVIH,2021,MOT,22
R7F55FOHR,2023,CEM,18
X8AVAXP95,2024,SPA,19
KXHKKX3JU,2023,DSC,20
NQAPMOQGC,2024,FRE,18
ET8IGRGWZ,2022,NUR,21
BVG4Q1GRO,2023,LAT,21
T2KA9XFKG,2021,GER,19
ZW5UIHQ5X,2024,PHI,20
R080FSX8L,2023,NUR,18
VR144SWOX,2025,NTR,20
JFW7OL7CA,2021,SAM,18
UNAU3HI1R,2023,EXS,21
Z0TVZBNPP,2024,CEM,21
VFN9Z8W7X,2025,SPA,21
HWHDUBMMT,2024,FSD,20
VBPNDFGLU,2023,ITL,19
EDHNP1R0I,2022,ARC,21
Q8ZN3GHAI,2021,SAM,20
ON7KFUHP0,2025,PSY,18
WLB0L2142,2022,JPN,19
NMLDWEC4R,2024,MUS,20
J7X584KC2,2024,MKT,18
BIGUA0DIJ,2023,HTM,21
XZ50X9ZX5,2024,SCM,19
W6NMSNXEP,2024,SPM,20
AHPPJNRHN,2021,SOC,18
UIKUHW5UX,2021,DAN,19
G3VI8SNP2,2024,HTM,21
F43AFZ7VT,2023,PSC,21
BH4N3MYN4,2022,ETM,21
KFU3YH86A,2024,ENG,21
LDEBHVQK8,2021,ETP,19
J92GN0XLZ,2021,HUM,22
VHA9W4GOU,2024,COM,19
AN0DAR1A4,2021,FSD,21
YDHANAKYZ,2023,SPM,21
TZWRJSHBW,2023,TDR,22
L8NUHD9LA,2025,SCM,20
O0WEIAO71,2025,ENG,19
YLN7V3RV1,2023,CHN,21
B4JFU7MV4,2024,AET,23
DOWCE4GPK,2024,ETP,19
YUOBFK2YN,2021,MBU,21
WCG65PJ7E,2021,SWK,18
Z7NANCBKU,2021,NEU,20
Y08MEDWGO,2022,DAN,20
ORKN4BV4W,2024,MTH,60
C84ZE141N,2024,BSA,20
YR88UPDZ4,2025,ACC,20
FGHOM2MXW,2021,ETP,20
FBN4YXKGW,2024,FSM,19
U8MVNA5WC,2023,JRN,18
B5YG5A8JK,2023,FRE,20
N1LDHJ8UC,2023,COM,20
RQ40HWRWG,2023,ENG,19
PPV9KLA3O,2021,FSM,19
RA7NXQSI4,2022,REL,22
DXKIT2G19,2025,FRE,19
XN2ON7S2M,2025,ITD,24
UP9R3HX91,2021,PRL,19
S12XHLBCE,2022,GDS,24
ZZCC2QC52,2024,BIO,18
L65VZYZEH,2021,FIN,18
Y7H0TDIAW,2021,ITD,19
NV64BITM9,2025,BPH,21
W3CTBSGOY,2022,LAT,19
PFYII73SU,2025,ITD,18
QE675OYZY,2022,ITD,54
SUU898CNJ,2021,BSA,18
L56EES5M0,2021,NTR,18
NWCR6JG9M,2025,SPA,22
MHTSMPSR7,2024,FRE,21
PDQ328I5A,2025,FSM,21
F6SHUKAL1,2024,SCM,18
ENCENTP4K,2024,LGS,20
LA3TJKTK8,2022,SOC,18
K4BFH1ZI3,2025,LAT,21
AV57XO1ND,2024,AET,21
Q324UU6IB,2022,INB,24
YXAT9D90G,2022,ITD,19
YK713VTCN,2024,GER,18
OP0R4IX54,2021,MUS,19
R50DOFFES,2025,MUS,18
FRZYAHESG,2025,BSA,20
BWYU0DVXQ,2023,GDS,20
EMWF5SMLL,2024,MGT,21
B5YX60ZCT,2021,SET,19
XLKBKQIV6,2023,ASN,19
BW1XMT41V,2022,ASN,18
CKM9SECOO,2025,NTR,19
T0U5J5WKP,2023,ITL,18
AU8IPM8F8,2021,PHI,21
Q8MSWCBB2,2021,MGT,21
TIU47UP5X,2023,SNG,18
QPP5TNH9B,2025,ETM,20
PB1XV6B70,2024,PBL,22
RWII8HUZ6,2021,GDS,18
IAHMK70OV,2022,PSY,20
QQF2JD5C7,2023,ASN,18
V4NKODKKE,2024,PRL,19
AKI8XQLGG,2021,SPM,20
IBUA44737,2021,PBL,21
WR1OPVPZG,2024,PHI,23
T2RQRK6P5,2021,LGS,18
T4HF7RFR5,2024,MBU,19
YZX090CXJ,2023,ASN,45
J8V6KS6W4,2025,ART,21
X8GQ5O2UQ,2021,BIO,24
TVOESDBKE,2024,DAN,19
EKSORUU43,2023,ETP,20
DSA068WPR,2024,DSC,21
S27H49EEN,2024,FSM,20
M1H294CG3,2023,ENV,18
O23GW9M4F,2024,PHI,18
G59RFIDRS,2023,MDS,19
A3WO96SC3,2023,SNG,20
STZQQ0KMH,2023,SCM,18
U524I1RFG,2022,DAN,59
KYBBOPK2L,2022,ECO,21
IADQ9U8OW,2024,FSD,20
B5O7P9SLG,2022,TDR,19
A96SCPYJK,2021,NTR,21
FHV569S34,2023,SNG,19
LBNYUU8AU,2023,BMB,19
Y0JFE326O,2025,NUR,20
WW4W83C8E,2023,NTR,19
VZH4VQKY4,2023,MDS,18
JMZAFJWXU,2022,MUS,20
AGB19QKR2,2024,ITD,19
NSTFTQGO6,2023,REL,21
NLXG2B6EN,2023,ACC,20
IX8Q7B5MZ,2024,SAM,20
SV2L7CG9X,2023,SOC,18
QA5VM4XR1,2023,ITL,20
CEYOB97AR,2021,ACC,18
KJLS4C9DQ,2022,SPA,20
HOOLJQFGL,2022,SAM,21
WYI9JHW4U,2022,BSA,20
TTXWO58WZ,2021,NTR,19
E8OV9OL3R,2022,AET,34
TDKYUOTXH,2025,MOT,19
AGWN77A77,2021,ARC,24
L6TTTND3N,2023,PHI,19
C0E8JSJGM,2021,BIO,20
DGLS6MXTB,2022,ART,19
LX8G7F33R,2023,SPA,24
N8WS2GCY0,2025,ARC,23
PNBLS5PAB,2021,PRL,20
Z4CB8T4PX,2025,MDS,21
SGCYZTXIM,2025,TDR,21
SKB9YD2OQ,2024,MDS,20
ZKI3CB5MI,2024,JRN,18
WXA80OR6P,2021,LNG,20
RVSCYZ591,2021,REL,20
PS359XPQ2,2024,ASN,18
N9SWXDL7L,2024,REL,18
A79BAXK57,2023,NUR,19
KC3NLVH7E,2021,MTH,21
DBNOTW3KU,2022,PHI,21
BV4A1FPV3,2024,COM,21
PGVONLNMZ,2023,PSY,19
TQKXBFWLM,2021,MTH,18
ZBFNCD3Q9,2023,SNG,18
AD9CD5LV0,2021,INB,21
Z4QGK2LV1,2022,SET,20
Q49GAOBRG,2023,ARC,18
W7QHGQSXL,2025,JPN,18
TW4OJ5SAS,2022,ETP,18
DUVWWBNJE,2021,MUS,21
O6S016SZD,2025,EDU,21
A52DLWPMR,2021,GDS,18
I16K5LDY6,2025,EDU,21
MHZY2ZCYI,2025,GDS,18
B8452B5ON,2023,DAN,21
MI5B22W0T,2021,ASN,18
NFSRLNX3X,2025,INB,20
UOF57QOQP,2024,FIN,24
HDELUDG80,2024,AET,20
IUWN6R4YM,2022,PHY,19
BW2ZFAF3M,2021,ENG,18
GZC97UIVM,2023,MLT,20
VXRR06BTI,2023,ARC,24
LY9MN9W3N,2023,PRL,19
S3NXCP37M,2021,EXS,24
P1CNALQGI,2022,ART,19
N3BZN1WZG,2022,CLA,18
JPWRS22R3,2025,LAT,19
Q88L4XORY,2025,ACC,19
DOOBK08X9,2023,MLT,24
YYA9F8DNZ,2025,SET,19
JDP3BPJOG,2024,HUM,19
KRMA3PECW,2025,MTH,18
UR0OX9VU4,2023,BIO,18
KO88KBEPA,2022,ACC,20
YJ5B7MJGB,2025,ITD,23
HD9JA6VY2,2025,PBL,21
UTEI4L4WT,2025,SAM,19
LYJE9O2VC,2024,CLA,19
IXF1GNNBU,2022,GER,20
UJE725R4G,2023,ETM,24
OML3D23Y6,2022,MBU,19
DFOFVXZIN,2024,INB,20
WDUZ1NEXB,2022,SAM,19
XQY03AF7Q,2024,EXS,62
OZHGTMZN7,2021,JRN,18
JBMYB4N5H,2023,SPM,21
UQFBHHUWF,2023,NTR,19
WWXYPU7KW,2025,MGT,18
NKKVM4NU2,2022,HUM,19
Z1YVVA9VX,2021,BMB,20
JES6U11B4,2022,PHI,21
MCPREAWS0,2022,SAM,20
NJFIO0EMH,2025,JPN,19
R12JVT4Z7,2023,ENV,21
F92V7C6VU,2025,MTH,21
VK7NNKGAR,2025,PSC,20
EPZ2P5GEE,2024,PSC,19
UGYWX9I3G,2025,ENV,18
PG8EK2TRX,2022,CEM,19
ABWY2SNVP,2023,FIN,21
M26W2VCOT,2022,MLT,18
DEXORGCBO,2023,ITD,19
QMWC5MSIA,2023,ENG,18
IBP6XBEVR,2024,CEM,22
A78D4GLSC,2021,SPA,19
P01WPHCGS,2021,HIS,21
NI4FRJ5MG,2021,ART,21
ETDJ70C1Y,2021,JPN,18
G0G5OIXLS,2025,ARC,19
V60M0W9V6,2025,INB,20
KYU4DHW7O,2023,DAN,18
DU18IYFFM,2023,CSC,20
Z7DAD9ZEX,2022,GDS,21
ASI1TL4Z1,2024,GDS,20
U0MX652QO,2022,DSC,22
TKE9IFJJ6,2025,NUR,19
J7TP36557,2022,LGS,20
RVYJZ17PT,2021,JPN,20
VIB0F9242,2022,SPM,21
H28UBRNHG,2023,AET,21
BWYZH0VB1,2023,INB,20
GYNZM2NQZ,2025,SOC,23
VC4UTEP1Y,2021,BSA,18
JPKN5UO2F,2025,NUR,19
P3N3MSZMU,2025,BIO,19
RV2LYUHBH,2023,SWK,21
ZJ66KN2H0,2023,ENG,21
J11YOWUAA,2023,EDU,17
Q08IF9O1R,2021,PHY,18
ZLNF81RL8,2021,MBU,20
IHSA9Z303,2024,PHY,19
MME1LDO8O,2021,PHI,22
ZYW54VT72,2021,CSC,19
ATQB41I7W,2022,CLA,19
GXQ4JX4A0,2021,HTM,19
PKNYD0YM6,2021,MKT,18
U7SG4BCC0,2022,NEU,20
SGKP6P3A0,2024,CSC,18
KM9WZ33QN,2023,ETM,21
LBXET9HGJ,2022,JPN,19
RCV53D5SS,2024,PBL,19
XLAC7526P,2025,COM,19
QUTS5HLT2,2021,ART,20
R3FE5QFEK,2022,HUM,28
MEERQS5QQ,2024,TDR,19
DM2B45K8J,2025,SNG,58
JF8X61O2Y,2023,HTM,19
V0A2FA7IN,2023,MDS,19
BHWLVHYML,2023,TDR,62
KJBZ8LO0R,2025,COM,21
JEGB2YOR4,2023,ITD,20
MVNV27ST0,2025,NUR,21
MCKOPQLVE,2022,EDU,18
ZQZ06KFON,2023,MUS,21
FA29U464A,2023,NUR,20
QAZIXY3LJ,2023,PHY,20
OLKHY3BFZ,2024,ENG,20
O1XS6E21A,2021,FSD,22
IVKJVU684,2022,NEU,20
OFE96HUOX,2022,SWK,21
G0PWFY5G0,2024,SAM,20
JTQQI4O77,2022,CHN,21
JGDIHU05B,2025,TDR,21
O5MSUUHTO,2022,MTH,21
W2CQ4X5IN,2022,FSD,21
A0HS8QADL,2021,FIN,45
XHXUP3NJI,2025,MTH,23
JH2MG3BA6,2021,MLT,20
UE7FCHO29,2022,BMB,21
QXV9P5T6W,2023,LNG,17
G9PNTUPWO,2022,ART,20
ECDXIHPL5,2021,ECO,21
P2NGUI33U,2022,BSA,19
NUM0QQSPY,2021,TDR,21
CSZH41O9M,2024,FSM,24
RVACW4E1Z,2021,PSY,18
CZ5BAXLLJ,2021,HUM,18
YMP3XJN6Z,2023,MLT,18
KD7W1YXDI,2023,ENG,21
W7VF4CLU8,2025,SET,21
GB0CA3U8Q,2023,GER,21
F7XAW3LES,2023,ETM,20
IFNQO4UVK,2023,ASN,18
YZLB2X5JX,2025,COM,21
UYLE8FPIS,2022,BIO,20
A7QCQTQIV,2021,EXS,18
QBASAHBT0,2023,BMB,20
OPTYWITKK,2021,SPM,19
MGXYMHN8L,2025,NUR,18
GQ46NWNVC,2023,COM,52
BO1JFSG6Y,2021,LGS,19
PG4JYRCT8,2025,PRL,18
LPE1KV068,2023,SWK,20
CUWB4A4LK,2022,MTH,21
IGQMAF1ZJ,2022,LNG,18
VKNTGX60U,2022,MKT,19
BU14MKMB7,2022,JPN,19
YX8P2WIL5,2025,SNG,21
BUH1QDQ56,2025,PSY,20
JXF8CG367,2021,CEM,20
MKX4ONBZ3,2024,HIS,21
TSIAFJQTL,2024,ART,18
SP8WBGESX,2024,CEM,23
FEH40F968,2025,HUM,18
FH8DTM2OK,2025,BSA,21
MBDIY654L,2021,ITL,58
ORP1GVG2P,2024,JPN,18
F8E5GVPG9,2024,ARC,18
VKJSJPNJE,2023,SOC,18
G93KK5XQL,2022,BIO,18
UUX4IQZXL,2023,TDR,19
IIG03H6YX,2024,HUM,24
HD0AESBLC,2024,PRL,18
QZM0WMWEC,2021,LAT,19
VUXAXM4UM,2024,ASN,21
TN03MCD1U,2021,REL,20
GLPZN4O1T,2021,COM,20
TYWUEWO5T,2025,SPA,20
FT6B3R7V3,2025,CSC,20
CTAFEAFLI,2023,JRN,21
OH6A6M05R,2021,DAN,38
X88WR53S2,2025,REL,23
B9SX3Q0AR,2022,LAT,21
NM2DRSNSF,2023,LAT,19
OJZNY88OS,2021,MBU,18
FT4DXG5NL,2023,ASN,24
TDE7T25OZ,2024,MKT,18
QLOTA95F1,2021,MTH,19
YAQ3N4Q9T,2025,HTM,20
IAFU36LJS,2025,ITD,20
NE21NLW8H,2022,NEU,21
G9Q8JZYDD,2025,MOT,19
UX7VL0M67,2021,PHI,19
OW3MB8FLS,2025,ETP,18
IM4K7IZE4,2023,ETM,18
GLOHCKWOZ,2025,MDS,23
YGLPCXVPL,2024,FSD,21
E0FPF2X6A,2021,LAT,17
ZO958R60P,2025,AET,20
ROV0W7CIT,2022,FSD,18
LLZOP9ZZU,2021,EDU,20
UGSDHF3RF,2024,FIN,20
D5FHK2LLZ,2022,ART,21
QC32748PP,2024,SCM,20
VX851K4AR,2022,CEM,21
DOYSCDNFP,2022,ENG,24
K39PQ0P36,2024,FSM,18
IOPOUHFAL,2021,FSM,19
TXKDX0C45,2025,BPH,23
LDN9FQGXU,2021,BIO,19
T95IOP724,2023,SPA,20
OQ00BWJOM,2025,SCM,19
H3PUEWAL2,2024,MUS,24
XC8662HYN,2024,PRL,20
KO6SNGDZ8,2021,EDU,21
OITAHKBNL,2024,ENV,18
D01UOUL9L,2021,ETP,20
FNAJKQ1BP,2022,SNG,18
RTZV9XM5G,2022,DAN,21
ZGLU6NKNN,2021,SCM,20
RZIM483V8,2022,COM,21
BKNLRC36S,2022,ETM,18
M0LKQ7QFQ,2021,CEM,19
XTK7E3OEQ,2022,MTH,21
CJEEMC3CO,2022,MBU,21
KGY5SXIIA,2025,ASN,20
VD54KB19O,2021,SCM,22
AJQYUQ41K,2024,FSD,18
MB2KLH7NA,2022,LNG,21
PV91PAMFL,2023,ARC,22
HP44HEWCO,2022,SET,18
QX74GXCOV,2022,JPN,20
AK58TN8QN,2023,BMB,20
JGDXZLSGI,2025,ARC,19
BD15V3AXZ,2023,MKT,19
TDIF6YRDU,2024,MTH,18
HP8CVLMSK,2021,SPA,20
E77NIZ8TX,2025,SNG,20
P30W688XY,2023,FSM,18
VQ3DY2CS6,2021,NTR,21
ECUBJXCO4,2025,ENV,24
LWP186J9Q,2022,SET,21
PEC6I3T35,2024,LAT,21
EG5505XNZ,2021,ENG,20
YURM7D8UZ,2023,BSA,22
TH2OIGI8I,2022,SWK,20
ORURQV3UQ,2025,TDR,23
JII8FHX0V,2021,ACC,19
EJQKDFNY6,2024,SCM,18
PGQY704D8,2022,ITL,21
IWMHX9UK2,2024,ECO,19
MIA3UWMIM,2025,SPA,19
IEGRLJ76V,2021,MTH,19
B28LBFC7D,2024,SWK,21
NQ654LDI0,2023,NEU,20
LXAKVK5Y2,2025,ART,18
IZEIY09K5,2021,PRL,18
JP29SCHEY,2024,SOC,21
VWSLV9NYY,2022,GDS,19
QAPRJ8AJB,2021,CSC,20
R2X14NHCT,2023,HUM,19
H7XLAJL1X,2023,PHY,18
G3ULLJJZ6,2023,PHI,20
W41UII44G,2022,HIS,18
FNENAMFOL,2024,PRL,22
G1K6PUXUU,2025,ETP,20
LSJ8LPXBP,2021,MKT,19
WRDW9HRZQ,2025,AET,19
XK2OXSACE,2025,MKT,21
THU4BHQX9,2021,NUR,20
QP8POJORA,2022,GER,21
GRYSL7T64,2025,JPN,18
LE2HO3H3A,2021,NEU,19
XDW27KAI5,2021,ENG,20
YPJTNK7LN,2021,GDS,38
JF325TZNL,2021,BIO,20
J7ARYXWYG,2025,BSA,20
OL97UY8FU,2025,PSY,20
BDZLPNFKQ,2024,ARC,18
ZH7B336Q7,2024,FIN,21
ZPOLM52XD,2023,CEM,19
WH1I8NFU1,2022,NTR,23
ELMJT8KG0,2024,ETM,18
XFRWIJMAM,2021,FSM,20
LEEZDQSFB,2022,BSA,19
PJHOR4H1I,2025,EXS,18
Z738ORX4L,2023,SAM,19
ZXNRBNYXO,2023,ENV,21
RF7KEEYK6,2023,FSM,20
O3D9SAXFO,2022,ARC,20
JVUQ79FS3,2021,FIN,18
LMYWTWJ5B,2024,PHY,20
CMVANZWPE,2025,ITL,20
YID93T9ZT,2023,SPA,17
R4WU2BE79,2021,ECO,20
VDV6XCC2L,2023,MTH,22
JD6LL18PQ,2023,AET,20
LSX9XNZNW,2025,FIN,37
CUK1FJEKG,2021,SCM,18
LUPT3GGQH,2024,BIO,21
BVL607QK0,2021,HUM,19
BE7RY3FQS,2022,ITL,21
NJLVGRJFW,2021,JRN,18
IVJK8UGQU,2025,HTM,19
ODZRQAK6I,2022,DAN,23
NWZ0A9J4D,2023,TDR,19
DZ7KKPOIU,2024,SPM,21
BF5Q3AH0D,2021,NTR,19
AG5DRSG1T,2022,EDU,19
DOVEQJXBL,2025,CEM,20
K5SZ2CA7J,2023,SPA,24
RX5225EU0,2023,TDR,27
WJ3N4L522,2023,DSC,18
SYD9IEU5L,2021,ENG,18
C5JV7R6LR,2023,COM,24
R81U36PNK,2025,MLT,20
W6XQLR9V0,2024,HUM,19
IPSW6CPU7,2023,SWK,20
WRAXXWDTA,2022,INB,20
HLDLWA0TN,2025,HIS,19
CP2KGMI0Q,2024,MUS,19
PL088WRVY,2022,MTH,18
GR6KQHLOX,2024,ECO,20
UMRDDR9VB,2025,SNG,19
QGX058OAT,2023,COM,18
XE78WLSIE,2024,EXS,19
W6R770KFW,2022,ETM,20
FF6CHLSFP,2022,ECO,20
CPVVA7XUP,2021,ECO,24
UYIVDCTCB,2024,BIO,18
RA38YSRMO,2025,BMB,23
K0NV0L3U9,2022,SOC,21
LU6DT2KSI,2022,INB,18
NAE2RNQE1,2021,ITD,22
IW7ACO619,2025,BMB,23
I84AAUYGL,2022,SOC,18
Z0AR9XF37,2022,GDS,18
UPTP5KTZD,2024,FRE,18
KB1CCFIKC,2024,DSC,20
BVN0ATIAT,2025,PSY,21
EZRBA3TGX,2024,DSC,18
IAXWHU9IL,2024,GDS,20
Y7HIUKIL7,2021,FIN,21
FAJH4VZSH,2023,CSC,18
L78NCRTO4,2022,AET,20
GGM9OLH3D,2023,ETM,18
YS6LKNFJC,2021,HUM,19
UUL6DSD3E,2025,BMB,19
Z5P5YDC88,2021,SPA,24
C99264OTX,2025,REL,20
K8YPMSGCE,2021,ITD,21
YV9UYSF44,2021,DSC,55
JUG7VCI28,2022,PBL,18
I884B7347,2024,LNG,20
EJM6H7IFZ,2023,CSC,20
EKS73OLEL,2021,FSD,19
IHFT5OMG2,2022,MUS,22
AWDQCRRO8,2022,COM,20
MAILIPZFL,2022,GDS,20
RJLUSWQLG,2024,FSD,21
F9OH8MWQI,2025,LNG,20
U4UF80LEQ,2023,SWK,18
OC9G4QGJN,2023,GER,19
RPD5CTRLJ,2025,BSA,22
Z7PHVQY34,2025,SPM,20
VAKBBXBCB,2023,FSD,20
O40EJPNNO,2023,SPM,21
DFEVY7P4E,2022,EXS,21
EU6NTO4JP,2022,AET,22
FEISFXG1V,2024,JRN,18
V8H5WK25V,2023,ART,21
B1311UOOF,2025,HIS,20
JTKILV4MJ,2025,LGS,19
KJOOG7PRW,2024,FIN,20
M34ZGJB8S,2024,REL,20
GHFPMEFZP,2024,LGS,21
CXWHADEMV,2023,FSM,20
YHBHOS3JA,2022,REL,21
EQCETZA80,2022,FSD,18
BVVORGWN3,2025,CLA,18
SB109R8V9,2025,BPH,24
S3KDOQDXC,2024,LNG,19
KUCO3T58L,2024,GER,18
HMG4QOT82,2021,DAN,19
ITOE6ZMCG,2025,HTM,19
X292SXXXV,2022,LAT,21
JEFQA9E15,2024,ENG,19
XR1BP999H,2024,CSC,19
M7IADNXMK,2023,BIO,19
YXDVTA7EA,2022,ECO,20
GREMTOFJ2,2025,JPN,18
BSNF6MDNM,2024,COM,20
MVYTYXE7D,2024,ITL,18
AL9S8HZWZ,2025,PSY,19
PJJ55ZST1,2021,JPN,19
WXDJ9DLES,2022,BPH,21
S5I92938R,2021,JRN,19
OC30WJEHV,2024,HTM,18
D15Z0XIM9,2023,ARC,21
VXIWSFLPC,2022,SNG,19
M7O7DAGB4,2025,COM,20
ZE4PBC67Z,2024,SNG,22
K3NRTQ6FA,2023,ARC,24
OWSUJKOGV,2025,MBU,21
I7ACG7WSX,2022,ITD,19
W3FNYL9KE,2022,MBU,20
QE2ZPU50S,2023,COM,19
BTZT8NBHE,2024,DSC,21
M3CPSI9JG,2023,FSM,20
I585R94QI,2024,CHN,18
ZF9RPX4U2,2021,GDS,20
GJ9GS93NU,2022,LNG,20
KWJ7IMNRR,2025,TDR,21
WMW6Z4ZL5,2021,LAT,21
O6XUAO6FA,2024,CHN,20
MSVXDMOE3,2022,BIO,21
JCHUO0P0Z,2025,HUM,55
U3FU6GDUF,2025,MUS,19
GSPM2CAM5,2025,PBL,21
Q03S69PQQ,2025,FRE,21
D0PVED6Q6,2025,NTR,58
K1MZUP1F6,2023,PRL,18
J6RJ5KXCI,2023,JPN,40
PGHQ27LLA,2025,TDR,19
DDQ8J3GFW,2023,NEU,21
PKE4DQMDM,2023,SNG,20
JB0NFNRV5,2025,ETP,19
JNV7IF4KB,2025,SNG,24
XJ1R4U51B,2025,LGS,21
U1JB4VFKG,2024,LAT,20
GNQ5W50XK,2024,MTH,18
FT2G08445,2023,BPH,18
E2S3TGQ15,2022,SNG,20
VQHUAWTCW,2021,SPA,20
PSJN0EMK0,2024,INB,21
IYN62UUW1,2025,ENG,18
UUVHOOTBR,2025,REL,20
OMKFZXCVT,2025,BPH,19
R1IM0EJNV,2022,LGS,28
OZSUQ8SYP,2023,ACC,18
MNJSMG4HR,2024,SAM,18
J9S6H2IOI,2023,SOC,19
JYQXFH2X1,2025,SET,20
WX07LGDYJ,2024,DSC,21
L0927DEBK,2021,SWK,21
SK9EZD3WE,2024,FRE,23
FPQMN9QL0,2022,TDR,20
TXX31X05O,2024,FRE,18
CA03IRA4R,2024,SCM,21
LSST75Z0P,2023,ECO,21
SP63BQ52M,2022,ENV,18
G3DFQWHLF,2024,MTH,19
PULCYWM2W,2023,SCM,24
UEY4S8FWP,2022,ITD,18
VL8SI5CJT,2023,GDS,19
TQUQISX4E,2022,SPA,19
JHEMGXZSG,2024,SCM,23
BZX0EJQSG,2022,BMB,20
GCYH1X1PS,2024,FSD,21
OVJGSYYWD,2023,MUS,24
OADLMP7ZS,2022,LGS,21
A6ATQAU19,2024,HIS,18
U9WG4HKSW,2022,HTM,20
UVLZOML2W,2024,BSA,20
ZS4GQ8S1H,2021,ENV,18
CV717VDWR,2024,SET,21
ZLD0X6ZCD,2023,PHY,18
TH3UJ87BI,2022,FSD,20
XW6PTZMXA,2025,PHY,18
UENKJOX6R,2022,TDR,24
W76LZQF1S,2023,LAT,23
PFN1CS5YB,2021,BSA,19
MUDGAP0PD,2025,SAM,21
QK9W4CBXG,2022,ASN,21
WT9LOOOR0,2021,PHI,18
ZEPORU2AO,2021,ECO,19
KQ18SO2JL,2025,MDS,22
FU3OLTAUY,2022,GDS,24
CD0WMIL3D,2022,GDS,34
VMOCJ0DOJ,2022,CSC,20
I01L64161,2023,ETP,22
ZIOXGUJ7K,2025,SAM,20
E86WRDIF7,2021,PSC,21
EKYHYPOL3,2022,ARC,19
L06A1LSAJ,2021,CLA,24
E3NKGSSWM,2021,JPN,20
HW8O22AY5,2021,SET,19
ROJVT4WAH,2023,CLA,18
ABTLWQCKV,2025,TDR,18
GCNUX56VH,2022,MLT,21
LQOW1WA35,2023,PHI,19
GMHV2KQQL,2021,NEU,19
C1462CU21,2022,BIO,19
L50PUP9XY,2024,SCM,18
ROXGHXEPL,2022,PSY,21
TU6OHWT92,2024,ITL,18
J5PPFH6T5,2023,NEU,21
E324KN8A2,2024,DAN,18
AC86VMTYO,2022,NTR,19
VUGV8FQG8,2022,MUS,18
QLM49Z9HL,2021,SNG,19
V63Q5MYO5,2024,NEU,18
KGHG6HK2M,2021,PSC,20
DWHHUIPEQ,2024,PBL,21
QWD7RC8MT,2021,INB,19
DAE56L1BI,2025,INB,21
ZWH8Q3S26,2022,ACC,19
KGRBALUZ5,2022,NEU,21
HIWME20M0,2021,GER,21
DRZ4PWUZ1,2023,DSC,19
OG1V5ZFQX,2021,INB,19
VKU5W9ZSA,2022,HUM,20
I2D66UU6B,2022,CSC,20
DINY8POZP,2022,PRL,18
IE0EH10DZ,2025,JRN,47
TTAR0GZIW,2022,SCM,22
MC10JJ5LP,2021,PRL,21
LKB3DJKHO,2021,DAN,22
WKI5I56YV,2021,BIO,18
SFV2TPDQG,2024,FIN,20
UPFL6AZIC,2025,FSM,21
VSNGOKOQ4,2024,PHI,18
JOMQHFMM7,2023,AET,19
MBFKB258I,2022,PRL,18
J4NH8PJUF,2025,NEU,19
JQRSCBT0W,2021,LAT,17
SPVHREIIS,2024,PSC,20
PT6TA9SSU,2023,SCM,18
TPZI9PSA8,2022,SCM,21
AVJ03CQT1,2025,SPA,23
NWYBPTV30,2022,JRN,19
D7G9SUQYH,2024,ECO,19
OY3Q5QCQD,2025,MKT,19
YAOGCX2XS,2024,DSC,18
IYT745EI8,2025,EXS,20
G9GTKRV9X,2024,MBU,20
QGL9NNV89,2022,PBL,19
HXJFEKLDY,2022,SWK,20
KOYKVDRST,2025,ECO,20
XMC93XLON,2023,DAN,20
GMUSV3JKP,2025,DSC,19
BFT91QNAD,2022,JRN,19
YQ8OJ7BJK,2025,EDU,21
HJKTE26TA,2023,ENG,39
H7IRTWQHU,2022,LAT,20
QWU7U5C9S,2021,BMB,21
V1EQ2QFQ7,2025,CLA,24
WAIPIDJB7,2024,ARC,21
HIZM4GAF2,2024,ETP,19
MFHVYJTMS,2022,BPH,20
KM64QMN1J,2022,FSM,20
MOK7X6G10,2025,LNG,21
H1WGH2DPM,2024,NUR,18
ROVWWR2NN,2023,MTH,19
IBPFDPFE3,2025,HTM,20
ND8RFTJWJ,2025,MKT,21
SPHZVXLQ0,2022,EXS,21
YBYADJQFV,2024,GER,18
TW6IBTRT7,2024,SAM,21
T7JLMFUTM,2022,PBL,18
HHB93XHPZ,2023,INB,19
AJPTIAWXE,2025,FRE,23
UQD7NOSAO,2022,ETM,23
FIYVDFN71,2024,JPN,22
VRB241PNP,2022,MUS,19
Z2PSTJILD,2021,INB,21
G32YJ6X8Z,2023,SET,20
ANKCZANK7,2022,MDS,19
NOQPGW3M4,2023,HTM,19
XBFFS4BLW,2024,MUS,20
GP1657RAC,2022,INB,21
BNGKCJFN1,2023,ETM,19
G03A2HH5X,2024,NUR,17
PIV6GNG59,2021,DAN,20
GTLOHOKNW,2023,MTH,18
JYXWS720V,2021,HTM,22
ALP7I1EE2,2022,CHN,22
J187X6W0U,2023,MGT,21
J9AD4KWK4,2021,EXS,18
Z6R28OHNI,2021,DSC,19
TSXA8L31X,2024,CHN,24
CC077MHVL,2024,EDU,19
ZRUROT4NA,2021,ART,20
L9PSSVD82,2021,ENV,18
V9R1TO6WD,2023,BPH,19
S3UN4990Q,2024,COM,20
GRTG0ICNT,2023,BIO,19
D3MOEJCB1,2022,BPH,20
M8YMK56OR,2023,MKT,19
Z11HEB88V,2021,ETM,19
SLQFKNFPC,2023,ENG,18
HI21IMWJS,2025,SPM,22
LMCE756IV,2021,MLT,21
EC69J1EEA,2021,ARC,20
NYIFC8SER,2021,BIO,19
ZL2JDTWIJ,2023,NEU,19